GROUP,PACKAGE,CLASS,INSTRUCTION_MISSED,INSTRUCTION_COVERED,BRANCH_MISSED,BRANCH_COVERED,LINE_MISSED,LINE_COVERED,COMPLEXITY_MISSED,COMPLEXITY_COVERED,METHOD_MISSED,METHOD_COVERED
yourproject_g1_1,edu.uga.miage.m1.polygons.gui,JDrawingFrame,589,263,40,2,140,58,40,12,17,11
yourproject_g1_1,edu.uga.miage.m1.polygons.gui,GUIHelper.new WindowAdapter() {...},6,0,0,0,3,0,2,0,2,0
yourproject_g1_1,edu.uga.miage.m1.polygons.gui,ActionHandler,39,9,6,0,10,4,7,1,4,1
yourproject_g1_1,edu.uga.miage.m1.polygons.gui,App,6,0,0,0,3,0,2,0,2,0
yourproject_g1_1,edu.uga.miage.m1.polygons.gui,JDrawingFrame.Shapes,0,27,0,0,0,1,0,1,0,1
yourproject_g1_1,edu.uga.miage.m1.polygons.gui,JDrawingFrame.ShapeActionListener,3,45,1,3,1,11,1,3,0,2
yourproject_g1_1,edu.uga.miage.m1.polygons.gui,GUIHelper,18,0,0,0,6,0,1,0,1,0
yourproject_g1_1,edu.uga.miage.m1.polygons.gui,JDrawingFrame.ExportActionListener,9,6,2,0,3,1,2,1,1,1
yourproject_g1_1,edu.uga.miage.m1.polygons.gui.persistence,JSonVisitor,19,108,0,4,2,20,1,9,1,7
yourproject_g1_1,edu.uga.miage.m1.polygons.gui.persistence,XMLVisitor,20,107,0,2,2,21,1,7,1,6
yourproject_g1_1,edu.uga.miage.m1.polygons.gui.commands,CommandInvoker,10,0,0,0,5,0,2,0,2,0
yourproject_g1_1,edu.uga.miage.m1.polygons.gui.commands,GoBackCommand,0,10,0,0,0,5,0,2,0,2
yourproject_g1_1,edu.uga.miage.m1.polygons.gui.commands,MoveShapeCommand,20,0,0,0,7,0,2,0,2,0
yourproject_g1_1,edu.uga.miage.m1.polygons.gui.shapes,CompositeShape,33,21,2,0,13,6,10,4,9,4
yourproject_g1_1,edu.uga.miage.m1.polygons.gui.shapes,Triangle,183,46,2,0,20,14,3,8,2,8
yourproject_g1_1,edu.uga.miage.m1.polygons.gui.shapes,Square,84,46,0,0,11,14,2,8,2,8
yourproject_g1_1,edu.uga.miage.m1.polygons.gui.shapes,Cube,36,50,0,0,8,15,3,7,3,7
yourproject_g1_1,edu.uga.miage.m1.polygons.gui.shapes,Circle,84,51,0,0,11,16,2,8,2,8
